{
    "cameras": [
        {
            "distortion": {
                "k1": 0.132183,
                "k2": -0.186451,
                "k3": 0.000000,
                "p1": 0.001267,
                "p2": 0.000618
            },
            "fovH": 62.3699493,
            "fovV": 48.8310966,
            "position": {
                "x": -165.547,
                "y": -194.693,
                "z": 246.0
            },
            "rotation": {
                "x": 60.0,
                "y": 0.0,
                "z": -40.0
            }
        },
        {
            "distortion": {
                "k1": 0.132183,
                "k2": -0.186451,
                "k3": 0.000000,
                "p1": 0.001267,
                "p2": 0.000618
            },
            "fovH": 62.3699493,
            "fovV": 48.8310966,
            "position": {
                "x": 165.547,
                "y": -194.693,
                "z": 246.0
            },
            "rotation": {
                "x": 60.0,
                "y": 0.0,
                "z": 40.0
            }
        },
        {
            "distortion": {
                "k1": 0.132183,
                "k2": -0.186451,
                "k3": 0.000000,
                "p1": 0.001267,
                "p2": 0.000618
            },
            "fovH": 62.3699493,
            "fovV": 48.8310966,
            "position": {
                "x": 0.0,
                "y": 195.684,
                "z": 245.832
            },
            "rotation": {
                "x": 46.0,
                "y": 0.0,
                "z": 180.0
            }
        }
    ]
}