{
    "cameras": [
        {
            "distortion": {
                "k1": 0.13218820095062256,
                "k2": -0.18648725748062134,
                "k3": 3.3999527659034356e-05,
                "p1": 0.0012673696037381887,
                "p2": 0.0006182735087350011
            },
            "fovH": 62.369571685791016,
            "fovV": 48.83080291748047,
            "position": {
                "x": -165.59315490722656,
                "y": -194.73422241210938,
                "z": 245.97738647460938
            },
            "rotation": {
                "x": -119.99626159667969,
                "y": 179.9958953857422,
                "z": 139.98785400390625
            }
        },
        {
            "distortion": {
                "k1": 0.13219720125198364,
                "k2": -0.1865064948797226,
                "k3": 7.496547914342955e-05,
                "p1": 0.0012664288515225053,
                "p2": 0.0006200498319230974
            },
            "fovH": 62.37002182006836,
            "fovV": 48.8314094543457,
            "position": {
                "x": 165.592041015625,
                "y": -194.734619140625,
                "z": 245.97520446777344
            },
            "rotation": {
                "x": 60.00261306762695,
                "y": 0.004587920382618904,
                "z": 40.00554656982422
            }
        },
        {
            "distortion": {
                "k1": 0.13216201961040497,
                "k2": -0.186396524310112,
                "k3": -1.4629289580625482e-05,
                "p1": 0.0012657437473535538,
                "p2": 0.0006192330620251596
            },
            "fovH": 62.37205505371094,
            "fovV": 48.83329772949219,
            "position": {
                "x": 0.0038237646222114563,
                "y": 195.7080535888672,
                "z": 245.9153289794922
            },
            "rotation": {
                "x": 45.9879150390625,
                "y": 0.005313265137374401,
                "z": 179.9966583251953
            }
        }
    ]
}